<?xml version="1.0" encoding="UTF-8"?>
<EmailTemplate xmlns="http://soap.sforce.com/2006/04/metadata">
    <available>true</available>
    <description>Request for Approval  - USA, Syfy</description>
    <encodingKey>ISO-8859-1</encodingKey>
    <letterhead>Comm_Ops_Letterhead</letterhead>
    <name>Request for Approval - USA, Syfy</name>
    <style>freeForm</style>
    <subject>Request for Approval - {!Case.RecordType} -- {!Case.Network__c} {!Case.Client__c}</subject>
    <textOnly>Case ID: {!Case.Id}

Click here to view the case: {!Case.Link}

A workflow request based on the {!Case.RecordType} has been forwarded to you by  {!Case.CreatedBy} for further action.
 
Sports Programming: {!Case.Sports_Programming__c}
ISCI: {!Case.ISCI__c}
Additional ISCI: {!Case.Additional_ISCI__c}
Day of Air: {!Case.Day_of_Air__c} 
Duration: {!Case.Duration__c}
Client: {!Case.Client__c}
Brand: {!Case.Brand__c}
Show: {!Case.Show__c}
Comments: {!Case.Comments__c}</textOnly>
    <type>html</type>
</EmailTemplate>
