<?xml version="1.0" encoding="UTF-8"?>
<EmailTemplate xmlns="http://soap.sforce.com/2006/04/metadata">
    <available>true</available>
    <description>Generic Request for Approval - NBC Sales Issue</description>
    <encodingKey>ISO-8859-1</encodingKey>
    <letterhead>Comm_Ops_Letterhead</letterhead>
    <name>Request for Approval - NBC Sales Issue</name>
    <style>freeForm</style>
    <subject>Request for Approval - {!Case.RecordType}, {!Case.Date_of_Show__c}, {!Case.Client__c}</subject>
    <textOnly>CommUser Ops has requested your approval for the item below for {!Case.RecordType}.

Click here to view the comm ops record: {!Case.Link}</textOnly>
    <type>html</type>
</EmailTemplate>
