<?xml version="1.0" encoding="UTF-8"?>
<EmailTemplate xmlns="http://soap.sforce.com/2006/04/metadata">
    <available>true</available>
    <description>Email Template for USA, Syfy Sales Issue Resolution</description>
    <encodingKey>ISO-8859-1</encodingKey>
    <letterhead>Comm_Ops_Letterhead</letterhead>
    <name>USA/Syfy Sales Issue Resolution</name>
    <style>freeForm</style>
    <subject>{!Case.RecordType} - {!Case.Network__c}, {!Case.Client__c},{!Case.Issue__c}</subject>
    <textOnly>{!Case.RecordType} Case {!Case.Status}

Comm Ops ID : {!Case.CaseNumber} 
Your request based on the form {!Case.RecordType} has been {!Case.Status} 




Network
{!Case.Network__c} 

Issue
{!Case.Issue__c} 

Comments
{!Case.Comments__c} 

Client
{!Case.Client__c} 

Agency
{!Case.Agency__c} 

Cash/ADU
{!Case.Cash_ADU__c} 

Rate
{!Case.Rate__c} 

AE
{!Case.AE__c} 

Sales Assistant
{!Case.Sales_Assistant__c} 

Brand
{!Case.Brand__c} 

Deal Number
{!Case.Deal_Number__c} 

Week Of
{!Case.Week_Of__c} 

ISCII Duration
{!Case.ISCI_Duration__c} 

Selling Title(s)
{!Case.Selling_Title__c} 

Number of Units
{!Case.Number_of_Units__c} 

 
 

Issue Resolved? 
{!Case.Issue_Resolved__c} 

Sales Resolution Comments
{!Case.Sales_Resolution_Comments__c} 

 
 
Please click here to view the request: {!Case.CaseNumber}</textOnly>
    <type>html</type>
</EmailTemplate>
